﻿{"cameraMode":{"drawMode":0,"name":"Shaded","section":"Shading Mode"},"sceneLighting":true,"audioPlay":false,"sceneViewState":{"showFog":true,"showMaterialUpdate":false,"showSkybox":true,"showFlares":true,"showImageEffects":true,"showParticleSystems":true},"in2DMode":false,"pivot":{"x":58.63272476196289,"y":-5.2264251708984379,"z":-23.820621490478517},"rotation":{"x":0.3173033595085144,"y":-0.2834997773170471,"z":0.0961662009358406,"w":0.9002174735069275},"size":71.0226058959961,"orthographic":false}