﻿{"cameraMode":{"drawMode":0,"name":"Shaded","section":"Shading Mode"},"sceneLighting":true,"audioPlay":false,"sceneViewState":{"showFog":true,"showMaterialUpdate":false,"showSkybox":true,"showFlares":true,"showImageEffects":true,"showParticleSystems":true},"in2DMode":false,"pivot":{"x":124.17942810058594,"y":-7.102598190307617,"z":33.38040542602539},"rotation":{"x":-0.09197425097227097,"y":-0.8841197490692139,"z":0.197191059589386,"w":-0.4138233959674835},"size":205.35284423828126,"orthographic":false}